customer_id,order_id,rest_id
User9,1,6487f4c6fc13ae161d900937
User9,2,6487f4c6fc13ae161d900915
User8,3,6487f4c6fc13ae161d900939
User1,4,6487f4c6fc13ae161d900946
User1,5,6487f4c6fc13ae161d9008fc
User7,6,6487f4c6fc13ae161d900945
User2,7,6487f4c6fc13ae161d9008f3
User9,8,6487f4c6fc13ae161d90090e
User4,9,6487f4c6fc13ae161d9008ea
User7,10,6487f4c6fc13ae161d900940
User2,11,6487f4c6fc13ae161d9008fa
User6,12,6487f4c6fc13ae161d90093a
User10,13,6487f4c6fc13ae161d900929
User1,14,6487f4c6fc13ae161d900916
User8,15,6487f4c6fc13ae161d9008f2
User1,16,6487f4c6fc13ae161d900900
User10,17,6487f4c6fc13ae161d900916
User4,18,6487f4c6fc13ae161d900936
User6,19,6487f4c6fc13ae161d900945
User9,20,6487f4c6fc13ae161d900929
User8,21,6487f4c6fc13ae161d900945
User6,22,6487f4c6fc13ae161d9008f3
User4,23,6487f4c6fc13ae161d90093f
User10,24,6487f4c6fc13ae161d9008fd
User10,25,6487f4c6fc13ae161d9008ea
User10,26,6487f4c6fc13ae161d9008e5
User6,27,6487f4c6fc13ae161d900908
User3,28,6487f4c6fc13ae161d900945
User9,29,6487f4c6fc13ae161d90092a
User4,30,6487f4c6fc13ae161d90090d
User1,31,6487f4c6fc13ae161d9008ff
User9,32,6487f4c6fc13ae161d90092d
User3,33,6487f4c6fc13ae161d90093b
User9,34,6487f4c6fc13ae161d90093e
User3,35,6487f4c6fc13ae161d900945
User8,36,6487f4c6fc13ae161d900920
User7,37,6487f4c6fc13ae161d900915
User6,38,6487f4c6fc13ae161d90093f
User6,39,6487f4c6fc13ae161d9008fc
User8,40,6487f4c6fc13ae161d900928
User7,41,6487f4c6fc13ae161d90093b
User8,42,6487f4c6fc13ae161d90093a
User6,43,6487f4c6fc13ae161d9008ef
User8,44,6487f4c6fc13ae161d90091d
User6,45,6487f4c6fc13ae161d900900
User8,46,6487f4c6fc13ae161d900945
User8,47,6487f4c6fc13ae161d900900
User9,48,6487f4c6fc13ae161d900930
User2,49,6487f4c6fc13ae161d900924
User8,50,6487f4c6fc13ae161d9008eb
User10,51,6487f4c6fc13ae161d900905
User3,52,6487f4c6fc13ae161d900923
User1,53,6487f4c6fc13ae161d900918
User10,54,6487f4c6fc13ae161d900946
User10,55,6487f4c6fc13ae161d90093a
User9,56,6487f4c6fc13ae161d9008eb
User4,57,6487f4c6fc13ae161d90090e
User7,58,6487f4c6fc13ae161d90093c
User3,59,6487f4c6fc13ae161d90092a
User9,60,6487f4c6fc13ae161d90093b
User1,61,6487f4c6fc13ae161d90091f
User2,62,6487f4c6fc13ae161d900918
User8,63,6487f4c6fc13ae161d90091c
User10,64,6487f4c6fc13ae161d900919
User1,65,6487f4c6fc13ae161d900904
User4,66,6487f4c6fc13ae161d900920
User6,67,6487f4c6fc13ae161d900924
User7,68,6487f4c6fc13ae161d900941
User4,69,6487f4c6fc13ae161d9008e8
User7,70,6487f4c6fc13ae161d900936
User10,71,6487f4c6fc13ae161d900941
User7,72,6487f4c6fc13ae161d90093b
User1,73,6487f4c6fc13ae161d900939
User4,74,6487f4c6fc13ae161d90093c
User7,75,6487f4c6fc13ae161d900909
User4,76,6487f4c6fc13ae161d9008e7
User4,77,6487f4c6fc13ae161d900909
User5,78,6487f4c6fc13ae161d9008f5
User2,79,6487f4c6fc13ae161d900916
User4,80,6487f4c6fc13ae161d900932
User1,81,6487f4c6fc13ae161d900909
User3,82,6487f4c6fc13ae161d90093c
User1,83,6487f4c6fc13ae161d900933
User9,84,6487f4c6fc13ae161d9008fe
User10,85,6487f4c6fc13ae161d9008fc
User7,86,6487f4c6fc13ae161d9008e3
User1,87,6487f4c6fc13ae161d900930
User5,88,6487f4c6fc13ae161d90091b
User5,89,6487f4c6fc13ae161d9008fa
User1,90,6487f4c6fc13ae161d900921
User9,91,6487f4c6fc13ae161d90093d
User1,92,6487f4c6fc13ae161d900940
User3,93,6487f4c6fc13ae161d90091b
User7,94,6487f4c6fc13ae161d900909
User7,95,6487f4c6fc13ae161d900903
User1,96,6487f4c6fc13ae161d900926
User5,97,6487f4c6fc13ae161d9008ea
User8,98,6487f4c6fc13ae161d9008ef
User1,99,6487f4c6fc13ae161d900917
User3,100,6487f4c6fc13ae161d9008fd
User1,101,6487f4c6fc13ae161d900945
User7,102,6487f4c6fc13ae161d900928
User3,103,6487f4c6fc13ae161d900901
User6,104,6487f4c6fc13ae161d900921
User4,105,6487f4c6fc13ae161d90093f
User7,106,6487f4c6fc13ae161d900930
User7,107,6487f4c6fc13ae161d900909
User9,108,6487f4c6fc13ae161d900929
User2,109,6487f4c6fc13ae161d90090f
User5,110,6487f4c6fc13ae161d900908
User5,111,6487f4c6fc13ae161d9008e4
User3,112,6487f4c6fc13ae161d90093f
User10,113,6487f4c6fc13ae161d900927
User2,114,6487f4c6fc13ae161d90092c
User7,115,6487f4c6fc13ae161d900941
User9,116,6487f4c6fc13ae161d900935
User8,117,6487f4c6fc13ae161d9008ef
User4,118,6487f4c6fc13ae161d9008f0
User3,119,6487f4c6fc13ae161d900905
User5,120,6487f4c6fc13ae161d9008f4
User6,121,6487f4c6fc13ae161d900905
User4,122,6487f4c6fc13ae161d900920
User1,123,6487f4c6fc13ae161d90091c
User7,124,6487f4c6fc13ae161d90092b
User1,125,6487f4c6fc13ae161d900944
User1,126,6487f4c6fc13ae161d900904
User8,127,6487f4c6fc13ae161d900902
User5,128,6487f4c6fc13ae161d9008ed
User3,129,6487f4c6fc13ae161d900929
User8,130,6487f4c6fc13ae161d9008fc
User8,131,6487f4c6fc13ae161d9008f0
User3,132,6487f4c6fc13ae161d900905
User7,133,6487f4c6fc13ae161d90090a
User9,134,6487f4c6fc13ae161d9008f9
User6,135,6487f4c6fc13ae161d900932
User4,136,6487f4c6fc13ae161d9008fb
User6,137,6487f4c6fc13ae161d9008f8
User4,138,6487f4c6fc13ae161d900944
User2,139,6487f4c6fc13ae161d9008e9
User6,140,6487f4c6fc13ae161d900901
User4,141,6487f4c6fc13ae161d9008f6
User4,142,6487f4c6fc13ae161d900917
User7,143,6487f4c6fc13ae161d900918
User9,144,6487f4c6fc13ae161d90091b
User5,145,6487f4c6fc13ae161d90093d
User6,146,6487f4c6fc13ae161d9008e8
User7,147,6487f4c6fc13ae161d90092d
User4,148,6487f4c6fc13ae161d900925
User10,149,6487f4c6fc13ae161d9008f4
User3,150,6487f4c6fc13ae161d900941
User4,151,6487f4c6fc13ae161d9008fb
User6,152,6487f4c6fc13ae161d900929
User5,153,6487f4c6fc13ae161d900910
User5,154,6487f4c6fc13ae161d90091a
User2,155,6487f4c6fc13ae161d900916
User6,156,6487f4c6fc13ae161d900922
User1,157,6487f4c6fc13ae161d9008e5
User2,158,6487f4c6fc13ae161d900935
User8,159,6487f4c6fc13ae161d900943
User10,160,6487f4c6fc13ae161d900927
User6,161,6487f4c6fc13ae161d900926
User7,162,6487f4c6fc13ae161d900901
User1,163,6487f4c6fc13ae161d90091a
User4,164,6487f4c6fc13ae161d900922
User10,165,6487f4c6fc13ae161d900928
User2,166,6487f4c6fc13ae161d900902
User9,167,6487f4c6fc13ae161d9008e5
User10,168,6487f4c6fc13ae161d90090f
User5,169,6487f4c6fc13ae161d9008fe
User10,170,6487f4c6fc13ae161d90090c
User8,171,6487f4c6fc13ae161d90090d
User2,172,6487f4c6fc13ae161d900912
User7,173,6487f4c6fc13ae161d90090e
User7,174,6487f4c6fc13ae161d9008ec
User7,175,6487f4c6fc13ae161d900922
User6,176,6487f4c6fc13ae161d900926
User7,177,6487f4c6fc13ae161d90091f
User6,178,6487f4c6fc13ae161d90091e
User4,179,6487f4c6fc13ae161d900934
User6,180,6487f4c6fc13ae161d900912
User4,181,6487f4c6fc13ae161d9008ee
User5,182,6487f4c6fc13ae161d90092d
User4,183,6487f4c6fc13ae161d900925
User4,184,6487f4c6fc13ae161d900907
User8,185,6487f4c6fc13ae161d900913
User6,186,6487f4c6fc13ae161d90091c
User9,187,6487f4c6fc13ae161d9008ff
User8,188,6487f4c6fc13ae161d900926
User5,189,6487f4c6fc13ae161d900912
User1,190,6487f4c6fc13ae161d900930
User2,191,6487f4c6fc13ae161d9008f3
User9,192,6487f4c6fc13ae161d9008e8
User4,193,6487f4c6fc13ae161d900906
User8,194,6487f4c6fc13ae161d900930
User6,195,6487f4c6fc13ae161d900938
User9,196,6487f4c6fc13ae161d900936
User4,197,6487f4c6fc13ae161d9008e3
User2,198,6487f4c6fc13ae161d9008f7
User2,199,6487f4c6fc13ae161d900904
User6,200,6487f4c6fc13ae161d90090b
User7,201,6487f4c6fc13ae161d9008e8
User1,202,6487f4c6fc13ae161d900907
User8,203,6487f4c6fc13ae161d90093f
User1,204,6487f4c6fc13ae161d9008f8
User2,205,6487f4c6fc13ae161d90091e
User9,206,6487f4c6fc13ae161d900902
User4,207,6487f4c6fc13ae161d90090a
User8,208,6487f4c6fc13ae161d90090c
User8,209,6487f4c6fc13ae161d9008f6
User9,210,6487f4c6fc13ae161d90091e
User7,211,6487f4c6fc13ae161d900913
User1,212,6487f4c6fc13ae161d900940
User5,213,6487f4c6fc13ae161d900917
User10,214,6487f4c6fc13ae161d900913
User7,215,6487f4c6fc13ae161d900910
User4,216,6487f4c6fc13ae161d900938
User6,217,6487f4c6fc13ae161d9008e5
User10,218,6487f4c6fc13ae161d900908
User5,219,6487f4c6fc13ae161d900935
User8,220,6487f4c6fc13ae161d900914
User5,221,6487f4c6fc13ae161d9008e4
User2,222,6487f4c6fc13ae161d9008fa
User1,223,6487f4c6fc13ae161d90093c
User2,224,6487f4c6fc13ae161d9008e4
User2,225,6487f4c6fc13ae161d900931
User5,226,6487f4c6fc13ae161d900911
User10,227,6487f4c6fc13ae161d900935
User5,228,6487f4c6fc13ae161d90090e
User7,229,6487f4c6fc13ae161d90092c
User8,230,6487f4c6fc13ae161d900911
User3,231,6487f4c6fc13ae161d90092e
User1,232,6487f4c6fc13ae161d900917
User2,233,6487f4c6fc13ae161d900944
User6,234,6487f4c6fc13ae161d9008fd
User5,235,6487f4c6fc13ae161d900911
User4,236,6487f4c6fc13ae161d900917
User7,237,6487f4c6fc13ae161d9008f0
User2,238,6487f4c6fc13ae161d900916
User8,239,6487f4c6fc13ae161d9008ef
User5,240,6487f4c6fc13ae161d900919
User10,241,6487f4c6fc13ae161d900941
User8,242,6487f4c6fc13ae161d90093d
User10,243,6487f4c6fc13ae161d900911
User6,244,6487f4c6fc13ae161d90091c
User6,245,6487f4c6fc13ae161d900921
User3,246,6487f4c6fc13ae161d9008eb
User7,247,6487f4c6fc13ae161d9008e3
User10,248,6487f4c6fc13ae161d9008ea
User4,249,6487f4c6fc13ae161d90090f
User3,250,6487f4c6fc13ae161d900939
User8,251,6487f4c6fc13ae161d9008ef
User9,252,6487f4c6fc13ae161d900934
User8,253,6487f4c6fc13ae161d900933
User3,254,6487f4c6fc13ae161d90091e
User3,255,6487f4c6fc13ae161d900940
User5,256,6487f4c6fc13ae161d900934
User2,257,6487f4c6fc13ae161d900915
User4,258,6487f4c6fc13ae161d900945
User6,259,6487f4c6fc13ae161d9008f7
User8,260,6487f4c6fc13ae161d900946
User9,261,6487f4c6fc13ae161d900922
User2,262,6487f4c6fc13ae161d90092b
User9,263,6487f4c6fc13ae161d900921
User3,264,6487f4c6fc13ae161d90093e
User2,265,6487f4c6fc13ae161d900926
User3,266,6487f4c6fc13ae161d9008e4
User7,267,6487f4c6fc13ae161d900916
User5,268,6487f4c6fc13ae161d90092d
User5,269,6487f4c6fc13ae161d90093a
User4,270,6487f4c6fc13ae161d9008f9
User1,271,6487f4c6fc13ae161d9008fe
User8,272,6487f4c6fc13ae161d9008f7
User5,273,6487f4c6fc13ae161d9008e6
User9,274,6487f4c6fc13ae161d900913
User10,275,6487f4c6fc13ae161d9008e9
User6,276,6487f4c6fc13ae161d90091d
User4,277,6487f4c6fc13ae161d9008f5
User7,278,6487f4c6fc13ae161d900914
User3,279,6487f4c6fc13ae161d90093a
User7,280,6487f4c6fc13ae161d9008ec
User8,281,6487f4c6fc13ae161d900930
User1,282,6487f4c6fc13ae161d900917
User5,283,6487f4c6fc13ae161d9008f5
User9,284,6487f4c6fc13ae161d900905
User2,285,6487f4c6fc13ae161d9008eb
User5,286,6487f4c6fc13ae161d900910
User9,287,6487f4c6fc13ae161d900900
User6,288,6487f4c6fc13ae161d900934
User3,289,6487f4c6fc13ae161d9008f6
User1,290,6487f4c6fc13ae161d9008ec
User5,291,6487f4c6fc13ae161d90091f
User7,292,6487f4c6fc13ae161d900942
User10,293,6487f4c6fc13ae161d9008fa
User2,294,6487f4c6fc13ae161d90092c
User8,295,6487f4c6fc13ae161d9008f5
User7,296,6487f4c6fc13ae161d9008e4
User4,297,6487f4c6fc13ae161d900930
User7,298,6487f4c6fc13ae161d900907
User7,299,6487f4c6fc13ae161d900923
User4,300,6487f4c6fc13ae161d90093f
User9,301,6487f4c6fc13ae161d9008fb
User8,302,6487f4c6fc13ae161d900931
User2,303,6487f4c6fc13ae161d900924
User2,304,6487f4c6fc13ae161d900932
User4,305,6487f4c6fc13ae161d900940
User4,306,6487f4c6fc13ae161d9008f4
User8,307,6487f4c6fc13ae161d900926
User6,308,6487f4c6fc13ae161d900904
User5,309,6487f4c6fc13ae161d900903
User10,310,6487f4c6fc13ae161d90090c
User6,311,6487f4c6fc13ae161d9008e9
User8,312,6487f4c6fc13ae161d900904
User7,313,6487f4c6fc13ae161d90092d
User6,314,6487f4c6fc13ae161d900944
User8,315,6487f4c6fc13ae161d900937
User8,316,6487f4c6fc13ae161d90091d
User10,317,6487f4c6fc13ae161d9008ee
User10,318,6487f4c6fc13ae161d900923
User6,319,6487f4c6fc13ae161d900910
User1,320,6487f4c6fc13ae161d9008f5
User2,321,6487f4c6fc13ae161d900914
User8,322,6487f4c6fc13ae161d90093f
User6,323,6487f4c6fc13ae161d90091f
User9,324,6487f4c6fc13ae161d9008f5
User6,325,6487f4c6fc13ae161d900920
User6,326,6487f4c6fc13ae161d90090a
User4,327,6487f4c6fc13ae161d90090d
User1,328,6487f4c6fc13ae161d9008e5
User8,329,6487f4c6fc13ae161d900936
User8,330,6487f4c6fc13ae161d90093b
User6,331,6487f4c6fc13ae161d900901
User3,332,6487f4c6fc13ae161d9008e6
User9,333,6487f4c6fc13ae161d9008fb
User2,334,6487f4c6fc13ae161d900936
User5,335,6487f4c6fc13ae161d900942
User10,336,6487f4c6fc13ae161d90091f
User6,337,6487f4c6fc13ae161d900924
User3,338,6487f4c6fc13ae161d9008e3
User9,339,6487f4c6fc13ae161d9008e9
User9,340,6487f4c6fc13ae161d900909
User7,341,6487f4c6fc13ae161d900908
User10,342,6487f4c6fc13ae161d900936
User9,343,6487f4c6fc13ae161d90092e
User7,344,6487f4c6fc13ae161d90090e
User5,345,6487f4c6fc13ae161d90093a
User7,346,6487f4c6fc13ae161d90093d
User5,347,6487f4c6fc13ae161d900911
User6,348,6487f4c6fc13ae161d90091d
User4,349,6487f4c6fc13ae161d900945
User4,350,6487f4c6fc13ae161d900922
User5,351,6487f4c6fc13ae161d900942
User7,352,6487f4c6fc13ae161d900914
User1,353,6487f4c6fc13ae161d90091f
User9,354,6487f4c6fc13ae161d90093e
User9,355,6487f4c6fc13ae161d900913
User9,356,6487f4c6fc13ae161d900938
User9,357,6487f4c6fc13ae161d90090b
User3,358,6487f4c6fc13ae161d900903
User3,359,6487f4c6fc13ae161d900926
User10,360,6487f4c6fc13ae161d900943
User3,361,6487f4c6fc13ae161d900945
User1,362,6487f4c6fc13ae161d90090f
User3,363,6487f4c6fc13ae161d9008fe
User3,364,6487f4c6fc13ae161d9008ee
User6,365,6487f4c6fc13ae161d9008f2
User9,366,6487f4c6fc13ae161d9008e9
User8,367,6487f4c6fc13ae161d9008ef
User1,368,6487f4c6fc13ae161d900920
User3,369,6487f4c6fc13ae161d900900
User5,370,6487f4c6fc13ae161d9008ff
User10,371,6487f4c6fc13ae161d90092e
User2,372,6487f4c6fc13ae161d900933
User6,373,6487f4c6fc13ae161d900927
User9,374,6487f4c6fc13ae161d90091b
User3,375,6487f4c6fc13ae161d900931
User9,376,6487f4c6fc13ae161d900913
User2,377,6487f4c6fc13ae161d9008f9
User3,378,6487f4c6fc13ae161d900901
User4,379,6487f4c6fc13ae161d900915
User9,380,6487f4c6fc13ae161d9008f8
User2,381,6487f4c6fc13ae161d900926
User2,382,6487f4c6fc13ae161d90091b
User2,383,6487f4c6fc13ae161d900908
User6,384,6487f4c6fc13ae161d9008f6
User4,385,6487f4c6fc13ae161d900916
User10,386,6487f4c6fc13ae161d900906
User5,387,6487f4c6fc13ae161d900940
User5,388,6487f4c6fc13ae161d900942
User1,389,6487f4c6fc13ae161d9008e5
User10,390,6487f4c6fc13ae161d900907
User1,391,6487f4c6fc13ae161d9008fa
User2,392,6487f4c6fc13ae161d900935
User1,393,6487f4c6fc13ae161d900919
User4,394,6487f4c6fc13ae161d90091c
User1,395,6487f4c6fc13ae161d900934
User4,396,6487f4c6fc13ae161d900928
User3,397,6487f4c6fc13ae161d900912
User5,398,6487f4c6fc13ae161d900925
User9,399,6487f4c6fc13ae161d900939
User3,400,6487f4c6fc13ae161d900941
User4,401,6487f4c6fc13ae161d9008e3
User5,402,6487f4c6fc13ae161d90093a
User5,403,6487f4c6fc13ae161d9008fe
User8,404,6487f4c6fc13ae161d90091c
User2,405,6487f4c6fc13ae161d9008fb
User5,406,6487f4c6fc13ae161d9008e6
User10,407,6487f4c6fc13ae161d90090c
User10,408,6487f4c6fc13ae161d900927
User2,409,6487f4c6fc13ae161d900932
User8,410,6487f4c6fc13ae161d900903
User9,411,6487f4c6fc13ae161d9008e8
User3,412,6487f4c6fc13ae161d9008f4
User7,413,6487f4c6fc13ae161d900914
User6,414,6487f4c6fc13ae161d900936
User4,415,6487f4c6fc13ae161d90092c
User7,416,6487f4c6fc13ae161d90093f
User2,417,6487f4c6fc13ae161d900905
User8,418,6487f4c6fc13ae161d9008f2
User2,419,6487f4c6fc13ae161d90093a
User4,420,6487f4c6fc13ae161d9008e6
User9,421,6487f4c6fc13ae161d900922
User4,422,6487f4c6fc13ae161d9008e4
User8,423,6487f4c6fc13ae161d9008f6
User5,424,6487f4c6fc13ae161d900938
User10,425,6487f4c6fc13ae161d90092d
User3,426,6487f4c6fc13ae161d90090c
User7,427,6487f4c6fc13ae161d9008f4
User4,428,6487f4c6fc13ae161d9008f8
User8,429,6487f4c6fc13ae161d900934
User5,430,6487f4c6fc13ae161d900912
User10,431,6487f4c6fc13ae161d900911
User3,432,6487f4c6fc13ae161d90091a
User4,433,6487f4c6fc13ae161d90091d
User1,434,6487f4c6fc13ae161d900912
User6,435,6487f4c6fc13ae161d900919
User6,436,6487f4c6fc13ae161d9008ee
User4,437,6487f4c6fc13ae161d900916
User3,438,6487f4c6fc13ae161d900915
User4,439,6487f4c6fc13ae161d900921
User1,440,6487f4c6fc13ae161d90090c
User1,441,6487f4c6fc13ae161d90092d
User4,442,6487f4c6fc13ae161d900945
User6,443,6487f4c6fc13ae161d900937
User5,444,6487f4c6fc13ae161d900904
User3,445,6487f4c6fc13ae161d90090c
User4,446,6487f4c6fc13ae161d900931
User10,447,6487f4c6fc13ae161d900929
User5,448,6487f4c6fc13ae161d900929
User3,449,6487f4c6fc13ae161d900901
User10,450,6487f4c6fc13ae161d9008fa
User9,451,6487f4c6fc13ae161d9008ef
User2,452,6487f4c6fc13ae161d9008fb
User8,453,6487f4c6fc13ae161d900916
User2,454,6487f4c6fc13ae161d90091f
User7,455,6487f4c6fc13ae161d9008f1
User8,456,6487f4c6fc13ae161d900941
User5,457,6487f4c6fc13ae161d900919
User4,458,6487f4c6fc13ae161d90091f
User5,459,6487f4c6fc13ae161d9008f9
User8,460,6487f4c6fc13ae161d900943
User2,461,6487f4c6fc13ae161d9008ef
User8,462,6487f4c6fc13ae161d900904
User2,463,6487f4c6fc13ae161d9008fb
User4,464,6487f4c6fc13ae161d900924
User3,465,6487f4c6fc13ae161d900920
User10,466,6487f4c6fc13ae161d9008e8
User7,467,6487f4c6fc13ae161d9008f2
User8,468,6487f4c6fc13ae161d90091a
User8,469,6487f4c6fc13ae161d900918
User1,470,6487f4c6fc13ae161d9008f7
User8,471,6487f4c6fc13ae161d90090b
User6,472,6487f4c6fc13ae161d9008e7
User4,473,6487f4c6fc13ae161d900905
User2,474,6487f4c6fc13ae161d900913
User10,475,6487f4c6fc13ae161d90090f
User9,476,6487f4c6fc13ae161d900926
User4,477,6487f4c6fc13ae161d9008fb
User2,478,6487f4c6fc13ae161d9008f9
User8,479,6487f4c6fc13ae161d900921
User9,480,6487f4c6fc13ae161d9008fe
User10,481,6487f4c6fc13ae161d9008ea
User8,482,6487f4c6fc13ae161d900934
User6,483,6487f4c6fc13ae161d9008e8
User3,484,6487f4c6fc13ae161d900908
User7,485,6487f4c6fc13ae161d90090b
User3,486,6487f4c6fc13ae161d900901
User4,487,6487f4c6fc13ae161d900942
User7,488,6487f4c6fc13ae161d900927
User5,489,6487f4c6fc13ae161d900945
User1,490,6487f4c6fc13ae161d9008e7
User9,491,6487f4c6fc13ae161d90091f
User4,492,6487f4c6fc13ae161d900910
User4,493,6487f4c6fc13ae161d900934
User1,494,6487f4c6fc13ae161d900919
User5,495,6487f4c6fc13ae161d900917
User5,496,6487f4c6fc13ae161d90090f
User6,497,6487f4c6fc13ae161d9008fc
User10,498,6487f4c6fc13ae161d900937
User7,499,6487f4c6fc13ae161d900935
User10,500,6487f4c6fc13ae161d9008f3
User5,501,6487f4c6fc13ae161d9008e8
User4,502,6487f4c6fc13ae161d900923
User1,503,6487f4c6fc13ae161d90091e
User6,504,6487f4c6fc13ae161d9008e8
User4,505,6487f4c6fc13ae161d900922
User7,506,6487f4c6fc13ae161d9008f5
User6,507,6487f4c6fc13ae161d900933
User10,508,6487f4c6fc13ae161d9008f3
User9,509,6487f4c6fc13ae161d900931
User9,510,6487f4c6fc13ae161d9008eb
User7,511,6487f4c6fc13ae161d9008f3
User9,512,6487f4c6fc13ae161d90091f
User5,513,6487f4c6fc13ae161d90091f
User8,514,6487f4c6fc13ae161d900909
User10,515,6487f4c6fc13ae161d90092e
User5,516,6487f4c6fc13ae161d9008ef
User6,517,6487f4c6fc13ae161d900938
User1,518,6487f4c6fc13ae161d9008e9
User8,519,6487f4c6fc13ae161d9008eb
User1,520,6487f4c6fc13ae161d9008f2
User7,521,6487f4c6fc13ae161d90090f
User6,522,6487f4c6fc13ae161d9008e5
User1,523,6487f4c6fc13ae161d900909
User7,524,6487f4c6fc13ae161d900927
User1,525,6487f4c6fc13ae161d900915
User4,526,6487f4c6fc13ae161d900911
User3,527,6487f4c6fc13ae161d90091c
User5,528,6487f4c6fc13ae161d90092b
User8,529,6487f4c6fc13ae161d900932
User7,530,6487f4c6fc13ae161d900907
User3,531,6487f4c6fc13ae161d900930
User5,532,6487f4c6fc13ae161d9008ee
User2,533,6487f4c6fc13ae161d9008f8
User10,534,6487f4c6fc13ae161d90093b
User6,535,6487f4c6fc13ae161d900928
User7,536,6487f4c6fc13ae161d900930
User6,537,6487f4c6fc13ae161d900946
User10,538,6487f4c6fc13ae161d9008e5
User6,539,6487f4c6fc13ae161d90091a
User9,540,6487f4c6fc13ae161d9008ed
User8,541,6487f4c6fc13ae161d9008f9
User10,542,6487f4c6fc13ae161d900908
User4,543,6487f4c6fc13ae161d9008f9
User4,544,6487f4c6fc13ae161d900934
User3,545,6487f4c6fc13ae161d9008e4
User5,546,6487f4c6fc13ae161d9008e3
User5,547,6487f4c6fc13ae161d90091e
User2,548,6487f4c6fc13ae161d9008ed
User9,549,6487f4c6fc13ae161d900934
User2,550,6487f4c6fc13ae161d9008e3
User7,551,6487f4c6fc13ae161d900938
User8,552,6487f4c6fc13ae161d9008f2
User6,553,6487f4c6fc13ae161d900903
User5,554,6487f4c6fc13ae161d9008e9
User10,555,6487f4c6fc13ae161d90091a
User2,556,6487f4c6fc13ae161d900930
User3,557,6487f4c6fc13ae161d900924
User7,558,6487f4c6fc13ae161d900937
User2,559,6487f4c6fc13ae161d900922
User3,560,6487f4c6fc13ae161d900928
User5,561,6487f4c6fc13ae161d90091f
User8,562,6487f4c6fc13ae161d9008e3
User10,563,6487f4c6fc13ae161d900900
User4,564,6487f4c6fc13ae161d9008e4
User7,565,6487f4c6fc13ae161d900909
User3,566,6487f4c6fc13ae161d9008fe
User6,567,6487f4c6fc13ae161d9008ed
User1,568,6487f4c6fc13ae161d900906
User6,569,6487f4c6fc13ae161d9008f6
User7,570,6487f4c6fc13ae161d900927
User3,571,6487f4c6fc13ae161d900923
User8,572,6487f4c6fc13ae161d9008e5
User6,573,6487f4c6fc13ae161d90092f
User10,574,6487f4c6fc13ae161d900935
User1,575,6487f4c6fc13ae161d900945
User7,576,6487f4c6fc13ae161d90091a
User2,577,6487f4c6fc13ae161d9008ec
User10,578,6487f4c6fc13ae161d900919
User6,579,6487f4c6fc13ae161d9008ec
User6,580,6487f4c6fc13ae161d90092d
User6,581,6487f4c6fc13ae161d90093c
User7,582,6487f4c6fc13ae161d9008e4
User3,583,6487f4c6fc13ae161d900935
User4,584,6487f4c6fc13ae161d900910
User2,585,6487f4c6fc13ae161d900915
User5,586,6487f4c6fc13ae161d900903
User3,587,6487f4c6fc13ae161d900943
User9,588,6487f4c6fc13ae161d9008f6
User2,589,6487f4c6fc13ae161d9008ef
User5,590,6487f4c6fc13ae161d90093c
User4,591,6487f4c6fc13ae161d9008f1
User9,592,6487f4c6fc13ae161d9008fe
User2,593,6487f4c6fc13ae161d900911
User2,594,6487f4c6fc13ae161d900910
User8,595,6487f4c6fc13ae161d9008f9
User3,596,6487f4c6fc13ae161d90091e
User9,597,6487f4c6fc13ae161d900940
User8,598,6487f4c6fc13ae161d900942
User10,599,6487f4c6fc13ae161d90091d
User8,600,6487f4c6fc13ae161d900943
User10,601,6487f4c6fc13ae161d9008f3
User6,602,6487f4c6fc13ae161d90093a
User9,603,6487f4c6fc13ae161d900906
User6,604,6487f4c6fc13ae161d9008eb
User3,605,6487f4c6fc13ae161d9008f5
User1,606,6487f4c6fc13ae161d900907
User3,607,6487f4c6fc13ae161d9008ee
User2,608,6487f4c6fc13ae161d90091c
User1,609,6487f4c6fc13ae161d9008ea
User7,610,6487f4c6fc13ae161d900905
User7,611,6487f4c6fc13ae161d90090c
User5,612,6487f4c6fc13ae161d900920
User9,613,6487f4c6fc13ae161d900906
User8,614,6487f4c6fc13ae161d900939
User7,615,6487f4c6fc13ae161d9008fa
User5,616,6487f4c6fc13ae161d900905
User3,617,6487f4c6fc13ae161d900941
User7,618,6487f4c6fc13ae161d9008f1
User10,619,6487f4c6fc13ae161d9008eb
User5,620,6487f4c6fc13ae161d900939
User10,621,6487f4c6fc13ae161d9008fe
User2,622,6487f4c6fc13ae161d9008ec
User9,623,6487f4c6fc13ae161d900904
User7,624,6487f4c6fc13ae161d90091b
User10,625,6487f4c6fc13ae161d900936
User4,626,6487f4c6fc13ae161d900926
User6,627,6487f4c6fc13ae161d900929
User5,628,6487f4c6fc13ae161d900933
User5,629,6487f4c6fc13ae161d9008ec
User3,630,6487f4c6fc13ae161d900902
User7,631,6487f4c6fc13ae161d9008e9
User3,632,6487f4c6fc13ae161d900921
User9,633,6487f4c6fc13ae161d900926
User4,634,6487f4c6fc13ae161d900939
User3,635,6487f4c6fc13ae161d90092a
User7,636,6487f4c6fc13ae161d900913
User5,637,6487f4c6fc13ae161d900923
User3,638,6487f4c6fc13ae161d90091e
User1,639,6487f4c6fc13ae161d900946
User5,640,6487f4c6fc13ae161d90092a
User3,641,6487f4c6fc13ae161d900926
User8,642,6487f4c6fc13ae161d90092f
User9,643,6487f4c6fc13ae161d900911
User1,644,6487f4c6fc13ae161d900916
User10,645,6487f4c6fc13ae161d900915
User7,646,6487f4c6fc13ae161d90090d
User9,647,6487f4c6fc13ae161d90093c
User1,648,6487f4c6fc13ae161d90091a
User10,649,6487f4c6fc13ae161d90090f
User6,650,6487f4c6fc13ae161d90093a
User3,651,6487f4c6fc13ae161d90090e
User7,652,6487f4c6fc13ae161d9008ed
User9,653,6487f4c6fc13ae161d9008fa
User8,654,6487f4c6fc13ae161d90090e
User3,655,6487f4c6fc13ae161d900919
User5,656,6487f4c6fc13ae161d90093c
User1,657,6487f4c6fc13ae161d9008e8
User1,658,6487f4c6fc13ae161d9008f3
User5,659,6487f4c6fc13ae161d900903
User5,660,6487f4c6fc13ae161d9008f8
User1,661,6487f4c6fc13ae161d90090f
User8,662,6487f4c6fc13ae161d900905
User1,663,6487f4c6fc13ae161d90092e
User8,664,6487f4c6fc13ae161d90092e
User9,665,6487f4c6fc13ae161d900920
User8,666,6487f4c6fc13ae161d9008f4
User10,667,6487f4c6fc13ae161d90091c
User8,668,6487f4c6fc13ae161d900946
User4,669,6487f4c6fc13ae161d9008fc
User10,670,6487f4c6fc13ae161d9008eb
User8,671,6487f4c6fc13ae161d900902
User10,672,6487f4c6fc13ae161d9008e6
User10,673,6487f4c6fc13ae161d9008ef
User7,674,6487f4c6fc13ae161d900937
User8,675,6487f4c6fc13ae161d9008fd
User10,676,6487f4c6fc13ae161d9008fb
User8,677,6487f4c6fc13ae161d9008f4
User8,678,6487f4c6fc13ae161d90093d
User8,679,6487f4c6fc13ae161d900921
User8,680,6487f4c6fc13ae161d9008ee
User10,681,6487f4c6fc13ae161d900934
User10,682,6487f4c6fc13ae161d900910
User7,683,6487f4c6fc13ae161d9008f3
User7,684,6487f4c6fc13ae161d900926
User6,685,6487f4c6fc13ae161d900905
User5,686,6487f4c6fc13ae161d900928
User9,687,6487f4c6fc13ae161d90090d
User10,688,6487f4c6fc13ae161d90092b
User5,689,6487f4c6fc13ae161d900941
User10,690,6487f4c6fc13ae161d900914
User6,691,6487f4c6fc13ae161d900911
User4,692,6487f4c6fc13ae161d900932
User2,693,6487f4c6fc13ae161d9008fb
User6,694,6487f4c6fc13ae161d900914
User2,695,6487f4c6fc13ae161d900921
User10,696,6487f4c6fc13ae161d9008fe
User5,697,6487f4c6fc13ae161d900909
User8,698,6487f4c6fc13ae161d900911
User3,699,6487f4c6fc13ae161d90091b
User7,700,6487f4c6fc13ae161d900908
User3,701,6487f4c6fc13ae161d900908
User5,702,6487f4c6fc13ae161d900935
User6,703,6487f4c6fc13ae161d900943
User2,704,6487f4c6fc13ae161d900906
User7,705,6487f4c6fc13ae161d9008fe
User10,706,6487f4c6fc13ae161d900943
User9,707,6487f4c6fc13ae161d9008f5
User3,708,6487f4c6fc13ae161d9008f1
User2,709,6487f4c6fc13ae161d9008f2
User9,710,6487f4c6fc13ae161d9008fc
User6,711,6487f4c6fc13ae161d900929
User6,712,6487f4c6fc13ae161d90091d
User10,713,6487f4c6fc13ae161d900945
User9,714,6487f4c6fc13ae161d90091b
User10,715,6487f4c6fc13ae161d900937
User2,716,6487f4c6fc13ae161d900915
User6,717,6487f4c6fc13ae161d900907
User1,718,6487f4c6fc13ae161d90091c
User3,719,6487f4c6fc13ae161d9008e5
User8,720,6487f4c6fc13ae161d900906
User10,721,6487f4c6fc13ae161d90090f
User1,722,6487f4c6fc13ae161d9008fc
User7,723,6487f4c6fc13ae161d9008ee
User1,724,6487f4c6fc13ae161d900906
User6,725,6487f4c6fc13ae161d900945
User6,726,6487f4c6fc13ae161d90092a
User8,727,6487f4c6fc13ae161d90091f
User9,728,6487f4c6fc13ae161d900905
User8,729,6487f4c6fc13ae161d9008f0
User4,730,6487f4c6fc13ae161d90091b
User5,731,6487f4c6fc13ae161d900912
User3,732,6487f4c6fc13ae161d900901
User2,733,6487f4c6fc13ae161d900944
User10,734,6487f4c6fc13ae161d9008f5
User8,735,6487f4c6fc13ae161d900942
User6,736,6487f4c6fc13ae161d900902
User9,737,6487f4c6fc13ae161d900924
User5,738,6487f4c6fc13ae161d900932
User6,739,6487f4c6fc13ae161d90092a
User6,740,6487f4c6fc13ae161d90092c
User5,741,6487f4c6fc13ae161d900933
User2,742,6487f4c6fc13ae161d900923
User1,743,6487f4c6fc13ae161d9008f2
User6,744,6487f4c6fc13ae161d9008ec
User6,745,6487f4c6fc13ae161d9008fb
User10,746,6487f4c6fc13ae161d90093a
User4,747,6487f4c6fc13ae161d90090d
User3,748,6487f4c6fc13ae161d90091f
User1,749,6487f4c6fc13ae161d9008fa
User5,750,6487f4c6fc13ae161d9008f1
User4,751,6487f4c6fc13ae161d9008e4
User2,752,6487f4c6fc13ae161d900914
User7,753,6487f4c6fc13ae161d900918
User8,754,6487f4c6fc13ae161d900906
User6,755,6487f4c6fc13ae161d9008e8
User7,756,6487f4c6fc13ae161d900940
User5,757,6487f4c6fc13ae161d900935
User3,758,6487f4c6fc13ae161d90090a
User10,759,6487f4c6fc13ae161d9008f5
User7,760,6487f4c6fc13ae161d90090a
User3,761,6487f4c6fc13ae161d900939
User6,762,6487f4c6fc13ae161d9008f7
User5,763,6487f4c6fc13ae161d9008e3
User9,764,6487f4c6fc13ae161d9008ea
User8,765,6487f4c6fc13ae161d9008e7
User8,766,6487f4c6fc13ae161d9008f3
User9,767,6487f4c6fc13ae161d9008ee
User2,768,6487f4c6fc13ae161d900940
User1,769,6487f4c6fc13ae161d90092d
User6,770,6487f4c6fc13ae161d9008fa
User10,771,6487f4c6fc13ae161d900908
User7,772,6487f4c6fc13ae161d90092e
User9,773,6487f4c6fc13ae161d90092b
User10,774,6487f4c6fc13ae161d90093b
User5,775,6487f4c6fc13ae161d900921
User1,776,6487f4c6fc13ae161d900938
User10,777,6487f4c6fc13ae161d900928
User10,778,6487f4c6fc13ae161d9008ea
User7,779,6487f4c6fc13ae161d90091e
User2,780,6487f4c6fc13ae161d9008f6
User8,781,6487f4c6fc13ae161d900921
User6,782,6487f4c6fc13ae161d900938
User9,783,6487f4c6fc13ae161d900901
User8,784,6487f4c6fc13ae161d900939
User10,785,6487f4c6fc13ae161d900924
User5,786,6487f4c6fc13ae161d90092e
User3,787,6487f4c6fc13ae161d9008f4
User4,788,6487f4c6fc13ae161d90092a
User4,789,6487f4c6fc13ae161d90092e
User8,790,6487f4c6fc13ae161d90090b
User4,791,6487f4c6fc13ae161d9008f8
User8,792,6487f4c6fc13ae161d900921
User5,793,6487f4c6fc13ae161d900946
User4,794,6487f4c6fc13ae161d90090d
User9,795,6487f4c6fc13ae161d9008fa
User10,796,6487f4c6fc13ae161d900943
User10,797,6487f4c6fc13ae161d90092e
User9,798,6487f4c6fc13ae161d900924
User6,799,6487f4c6fc13ae161d9008e3
User5,800,6487f4c6fc13ae161d900942
User10,801,6487f4c6fc13ae161d900922
User10,802,6487f4c6fc13ae161d900910
User3,803,6487f4c6fc13ae161d900921
User6,804,6487f4c6fc13ae161d90092b
User4,805,6487f4c6fc13ae161d90093c
User2,806,6487f4c6fc13ae161d900906
User3,807,6487f4c6fc13ae161d900934
User7,808,6487f4c6fc13ae161d900922
User8,809,6487f4c6fc13ae161d9008eb
User6,810,6487f4c6fc13ae161d900914
User5,811,6487f4c6fc13ae161d90092c
User10,812,6487f4c6fc13ae161d900900
User5,813,6487f4c6fc13ae161d900944
User4,814,6487f4c6fc13ae161d900937
User9,815,6487f4c6fc13ae161d90092e
User5,816,6487f4c6fc13ae161d9008f1
User5,817,6487f4c6fc13ae161d9008e7
User6,818,6487f4c6fc13ae161d900901
User1,819,6487f4c6fc13ae161d900929
User1,820,6487f4c6fc13ae161d900922
User4,821,6487f4c6fc13ae161d9008fd
User1,822,6487f4c6fc13ae161d9008f5
User6,823,6487f4c6fc13ae161d900914
User6,824,6487f4c6fc13ae161d900928
User1,825,6487f4c6fc13ae161d900916
User4,826,6487f4c6fc13ae161d90090d
User9,827,6487f4c6fc13ae161d90092d
User5,828,6487f4c6fc13ae161d900927
User6,829,6487f4c6fc13ae161d9008fe
User1,830,6487f4c6fc13ae161d900903
User10,831,6487f4c6fc13ae161d90090d
User4,832,6487f4c6fc13ae161d90090a
User7,833,6487f4c6fc13ae161d9008f0
User1,834,6487f4c6fc13ae161d900917
User1,835,6487f4c6fc13ae161d9008ef
User2,836,6487f4c6fc13ae161d9008e4
User7,837,6487f4c6fc13ae161d9008f4
User8,838,6487f4c6fc13ae161d9008e9
User10,839,6487f4c6fc13ae161d900925
User10,840,6487f4c6fc13ae161d90090e
User10,841,6487f4c6fc13ae161d90093f
User5,842,6487f4c6fc13ae161d90093c
User3,843,6487f4c6fc13ae161d9008e9
User9,844,6487f4c6fc13ae161d90091f
User1,845,6487f4c6fc13ae161d900920
User7,846,6487f4c6fc13ae161d90093a
User7,847,6487f4c6fc13ae161d90093c
User4,848,6487f4c6fc13ae161d900935
User6,849,6487f4c6fc13ae161d90091c
User8,850,6487f4c6fc13ae161d90090b
User5,851,6487f4c6fc13ae161d900938
User4,852,6487f4c6fc13ae161d900942
User9,853,6487f4c6fc13ae161d900923
User2,854,6487f4c6fc13ae161d90090b
User8,855,6487f4c6fc13ae161d900933
User9,856,6487f4c6fc13ae161d900913
User6,857,6487f4c6fc13ae161d9008f8
User5,858,6487f4c6fc13ae161d9008f8
User8,859,6487f4c6fc13ae161d9008ef
User3,860,6487f4c6fc13ae161d900935
User6,861,6487f4c6fc13ae161d90091e
User5,862,6487f4c6fc13ae161d9008fe
User2,863,6487f4c6fc13ae161d900928
User10,864,6487f4c6fc13ae161d9008e4
User9,865,6487f4c6fc13ae161d900941
User10,866,6487f4c6fc13ae161d9008fe
User6,867,6487f4c6fc13ae161d9008f2
User6,868,6487f4c6fc13ae161d900942
User7,869,6487f4c6fc13ae161d9008e4
User1,870,6487f4c6fc13ae161d900902
User6,871,6487f4c6fc13ae161d900943
User1,872,6487f4c6fc13ae161d90092a
User3,873,6487f4c6fc13ae161d900934
User8,874,6487f4c6fc13ae161d900917
User1,875,6487f4c6fc13ae161d90093f
User4,876,6487f4c6fc13ae161d900914
User5,877,6487f4c6fc13ae161d900921
User1,878,6487f4c6fc13ae161d900901
User9,879,6487f4c6fc13ae161d900916
User7,880,6487f4c6fc13ae161d9008ea
User6,881,6487f4c6fc13ae161d90092f
User7,882,6487f4c6fc13ae161d900920
User1,883,6487f4c6fc13ae161d900916
User1,884,6487f4c6fc13ae161d900915
User5,885,6487f4c6fc13ae161d900928
User2,886,6487f4c6fc13ae161d9008ea
User5,887,6487f4c6fc13ae161d90092c
User3,888,6487f4c6fc13ae161d900944
User10,889,6487f4c6fc13ae161d900900
User3,890,6487f4c6fc13ae161d9008ec
User10,891,6487f4c6fc13ae161d900927
User5,892,6487f4c6fc13ae161d90093e
User2,893,6487f4c6fc13ae161d900930
User4,894,6487f4c6fc13ae161d900941
User1,895,6487f4c6fc13ae161d900929
User7,896,6487f4c6fc13ae161d900917
User3,897,6487f4c6fc13ae161d900942
User9,898,6487f4c6fc13ae161d900929
User10,899,6487f4c6fc13ae161d900929
User3,900,6487f4c6fc13ae161d90090a
User10,901,6487f4c6fc13ae161d90090c
User5,902,6487f4c6fc13ae161d9008ff
User9,903,6487f4c6fc13ae161d9008f5
User7,904,6487f4c6fc13ae161d9008f3
User7,905,6487f4c6fc13ae161d9008fe
User6,906,6487f4c6fc13ae161d900930
User9,907,6487f4c6fc13ae161d9008fb
User8,908,6487f4c6fc13ae161d90092f
User9,909,6487f4c6fc13ae161d900938
User5,910,6487f4c6fc13ae161d90090b
User10,911,6487f4c6fc13ae161d900927
User7,912,6487f4c6fc13ae161d9008e7
User5,913,6487f4c6fc13ae161d9008ed
User6,914,6487f4c6fc13ae161d900928
User8,915,6487f4c6fc13ae161d90091a
User1,916,6487f4c6fc13ae161d900912
User3,917,6487f4c6fc13ae161d9008ef
User2,918,6487f4c6fc13ae161d900903
User8,919,6487f4c6fc13ae161d90092e
User2,920,6487f4c6fc13ae161d90091c
User9,921,6487f4c6fc13ae161d9008f8
User4,922,6487f4c6fc13ae161d900926
User3,923,6487f4c6fc13ae161d90090f
User6,924,6487f4c6fc13ae161d90092e
User9,925,6487f4c6fc13ae161d900912
User8,926,6487f4c6fc13ae161d900905
User10,927,6487f4c6fc13ae161d900903
User10,928,6487f4c6fc13ae161d9008f4
User4,929,6487f4c6fc13ae161d900940
User4,930,6487f4c6fc13ae161d900945
User6,931,6487f4c6fc13ae161d9008f1
User5,932,6487f4c6fc13ae161d9008f4
User10,933,6487f4c6fc13ae161d900938
User5,934,6487f4c6fc13ae161d9008f1
User1,935,6487f4c6fc13ae161d900921
User4,936,6487f4c6fc13ae161d90091e
User8,937,6487f4c6fc13ae161d9008ea
User1,938,6487f4c6fc13ae161d9008f4
User5,939,6487f4c6fc13ae161d900909
User2,940,6487f4c6fc13ae161d9008f8
User8,941,6487f4c6fc13ae161d900907
User4,942,6487f4c6fc13ae161d9008ea
User2,943,6487f4c6fc13ae161d90093b
User8,944,6487f4c6fc13ae161d900919
User8,945,6487f4c6fc13ae161d900944
User1,946,6487f4c6fc13ae161d900944
User5,947,6487f4c6fc13ae161d9008e7
User10,948,6487f4c6fc13ae161d900917
User3,949,6487f4c6fc13ae161d900933
User5,950,6487f4c6fc13ae161d9008e4
User2,951,6487f4c6fc13ae161d9008f0
User6,952,6487f4c6fc13ae161d90090e
User3,953,6487f4c6fc13ae161d900908
User4,954,6487f4c6fc13ae161d900930
User9,955,6487f4c6fc13ae161d9008fe
User2,956,6487f4c6fc13ae161d9008f1
User8,957,6487f4c6fc13ae161d90092e
User1,958,6487f4c6fc13ae161d9008fe
User7,959,6487f4c6fc13ae161d900903
User9,960,6487f4c6fc13ae161d9008ea
User7,961,6487f4c6fc13ae161d900931
User8,962,6487f4c6fc13ae161d900911
User10,963,6487f4c6fc13ae161d900912
User10,964,6487f4c6fc13ae161d90091c
User4,965,6487f4c6fc13ae161d9008e8
User6,966,6487f4c6fc13ae161d9008f9
User7,967,6487f4c6fc13ae161d900934
User4,968,6487f4c6fc13ae161d900942
User2,969,6487f4c6fc13ae161d900922
User4,970,6487f4c6fc13ae161d90091a
User10,971,6487f4c6fc13ae161d90091c
User9,972,6487f4c6fc13ae161d900918
User10,973,6487f4c6fc13ae161d90090e
User2,974,6487f4c6fc13ae161d900943
User1,975,6487f4c6fc13ae161d9008e3
User9,976,6487f4c6fc13ae161d90090f
User8,977,6487f4c6fc13ae161d900926
User7,978,6487f4c6fc13ae161d900940
User6,979,6487f4c6fc13ae161d90093c
User1,980,6487f4c6fc13ae161d90093b
User10,981,6487f4c6fc13ae161d900937
User2,982,6487f4c6fc13ae161d9008ee
User6,983,6487f4c6fc13ae161d90093c
User4,984,6487f4c6fc13ae161d900945
User10,985,6487f4c6fc13ae161d900935
User9,986,6487f4c6fc13ae161d900908
User6,987,6487f4c6fc13ae161d9008f1
User2,988,6487f4c6fc13ae161d900900
User4,989,6487f4c6fc13ae161d900941
User8,990,6487f4c6fc13ae161d900942
User2,991,6487f4c6fc13ae161d9008f7
User3,992,6487f4c6fc13ae161d90091b
User8,993,6487f4c6fc13ae161d90092e
User10,994,6487f4c6fc13ae161d900907
User8,995,6487f4c6fc13ae161d90092e
User7,996,6487f4c6fc13ae161d900916
User8,997,6487f4c6fc13ae161d90090d
User3,998,6487f4c6fc13ae161d90093f
User2,999,6487f4c6fc13ae161d90090a
User8,1000,6487f4c6fc13ae161d900905